Total Expected Loss,Analytical 95% VaR,Analytical 95% CVaR,Monte Carlo Mean Loss,Monte Carlo 95% VaR,Monte Carlo 99% VaR
2528305.5721866335,7119.41836550985,8572.655008455617,2529849.399958795,2981595.7499830057,3177618.8766087643
